image,road_health
images/c4d20454-29f5-4d28-bebf-9c5c9942478d.jpg,0.60
images/d9c36fc1-2977-4c6e-b060-51eb04715aeb.jpg,0.85
images/27d03ad4-070e-4fbd-a902-e4501e24fb41.jpg,0.50
images/366c957f-854d-458d-87c4-668f81ea2fad.jpg,1.00
images/02d50cbf-5940-42fe-b0fd-8e758d97ac4e.jpg,0.85
images/c8f43190-df15-498f-a06b-203ec5fc33b5.jpg,0.20
images/4d959689-f153-4fff-afd8-acf0013aa3e5.jpg,0.95
images/02a5d7d2-4523-44b2-8abf-aa4fe2bd14db.jpg,0.60
images/dca11fc1-edf6-4129-a7a5-df21df64a9d6.jpg,0.70
images/cd646624-2ffa-483b-8291-98eaf89c5c61.jpg,0.45
images/ab47b46d-4cae-440e-b728-523769566ff7.jpg,0.40
images/8552a5cf-9f83-41a4-9a3c-c289ef97212a.jpg,0.55
images/91d8f351-3ab7-44d7-b464-7eab988510d1.jpg,0.65
images/931a7f60-a569-4c6d-a7a6-f5b71f972907.jpg,0.85
images/0e3dda12-bae6-4c1b-9fc3-8f34c8ac6908.jpg,0.65
images/8973f0b7-1128-40df-b796-6120c790bc28.jpg,0.20
images/9574db67-b196-4be7-8c44-96d2e4797c5f.jpg,0.40
images/9f24c268-29a9-44d0-a55e-11aab2df2a08.jpg,0.35
images/6bcbd02a-a8d9-4f53-8de0-7e3733f70ab4.jpg,0.60
images/592631d4-271c-4fcd-96d2-c45d3ebfaea8.jpg,0.50
images/3d08e31c-1cc3-4a3e-8b31-00ba56a81c6f.jpg,0.10
images/647202bb-272f-4112-a88d-4380ff29a74a.jpg,0.75
images/40eac1b6-4b7a-426b-a216-2ad85419deac.jpg,0.10
images/866cce51-d6cc-45c7-8eb1-6de92598428c.jpg,0.45
images/c135c4a8-6179-43da-bddc-173b78893444.jpg,0.30
images/701d0941-1290-48da-accf-ee4888abdf88.jpg,0.85
images/6c04aca0-8046-44f6-b8a7-350b374d806f.jpg,0.55
images/a263eae5-83c8-4572-808b-2419f84b9550.jpg,0.25
images/b827f479-b1ab-404d-95c1-678ebd2d1a95.jpg,0.10
images/e1e99555-da3d-4eee-92de-076948721449.jpg,0.40
images/dee0f9ee-3416-459b-8ff4-33b9ffc07c76.jpg,0.20
images/2bdb2bc9-6f65-4e06-b251-7ac4a07f6930.jpg,0.60
images/a5a526dd-b2cb-403f-b863-f6740ee57e56.jpg,0.60
images/5c5d203b-544f-4b38-8deb-9d0ee5b009b3.jpg,0.70
images/dfcc1fc5-4ebb-48df-a993-bc28f76cae1c.jpg,0.10
images/174ae2e9-35b6-4184-8657-41c23fa7e894.jpg,0.70
images/83b5a74c-0286-47c5-a9b7-7995846a4689.jpg,0.90
images/c9b8613a-a071-4dc4-88a9-e04b675127a7.jpg,0.75
images/165224eb-3d5d-49eb-af46-bee33e99a5aa.jpg,0.95
images/c9e41423-3917-47e3-aa6d-bfb463a36fdf.jpg,0.65
images/a01aa88e-67a3-4ada-bd9b-205bf8755536.jpg,0.80
images/da348b48-ad54-4a65-8584-7b205dec11ce.jpg,0.35
images/b929120b-922b-4dce-9d7b-0964ff2def27.jpg,0.60
images/ff6dc607-94ce-4dfb-a8da-69d48780fef4.jpg,0.50
images/27f93247-f8b5-49aa-a489-bd8936406a12.jpg,0.95
images/59bb1958-b0de-4fc2-a78c-9efeadfefde2.jpg,0.75
images/5cc9152d-b508-42c3-bbb8-1e294a46cebd.jpg,0.40
images/3cc20fd7-34c7-4528-b0dd-36e6e9560664.jpg,0.30
images/4e4a5406-accc-4eb0-8e48-79afe800f09e.jpg,0.20
images/0c64e0f9-a025-4b71-a3f5-8a1bbf4f95f4.jpg,0.65
images/f0779188-6b40-40d0-afb1-7ce5a3fbaf7c.jpg,0.50
images/be7d2f3b-054d-4f22-b7dc-d4745d852dff.jpg,0.90
images/56c6fb24-ea53-4d4b-ac4c-e4bca814b026.jpg,0.40
images/84e4c8cf-16b2-445b-868a-1cc78ecf9630.jpg,0.50
images/6195fd85-bc33-424d-9b8f-55f7bd49fc3b.jpg,0.50
images/a8341c8d-da5b-49ae-8820-08e5f156fc76.jpg,0.75
images/06d5ad6a-72e5-49b0-b74d-6f40f4b3b121.jpg,0.95
images/5249496e-7429-418d-953f-3c20618b2708.jpg,0.90
images/4b642a3f-8413-4faa-b5c8-3c5f202f494a.jpg,0.45
images/155d75a8-7f54-4ea1-a938-5c28854f00c4.jpg,0.15
images/78185086-331c-40b7-90f6-72556a470d81.jpg,0.45
images/c1af1fdb-bc12-454a-8aaa-41d41c5b3348.jpg,0.65
images/dd1885f7-165f-4a8b-8e7a-3594f5d4231e.jpg,0.30
images/77a3c14e-75ca-46f7-a489-607cee95beee.jpg,0.15
images/e6adc668-de66-494d-9079-cae5c167cb6f.jpg,0.10
images/39506f19-7d9a-48fd-8d3b-c192934a7fd5.jpg,0.40
images/38a38c62-f6bb-425e-9930-c6b7716bb5bc.jpg,0.90
images/ac9e4981-a9cc-4afd-ab7e-060cf2613972.jpg,0.75
images/6a2c8176-47e8-43fe-8e1c-49db4a19a414.jpg,0.50
images/52d91fdf-e07c-4368-a76b-d553dbbd9f29.jpg,0.35
images/a529bc14-4e2c-4d89-96ae-150f4903a5d2.jpg,0.30
images/f00cacc5-3165-4940-aa66-8a97f38d29a6.jpg,0.40
images/84bd76dd-27bc-410f-9820-8ffd9f9c950f.jpg,0.80
images/64912d32-a2d1-4bd5-a488-10183f6deb6d.jpg,0.55
images/ba1fbca8-c606-4c03-883f-479f3c4ec07c.jpg,0.40
images/242dee98-1847-4f74-af37-ef122f6ac3e7.jpg,0.70
images/5c80e4f2-16fc-43ab-976b-191c69f47d8b.jpg,0.65
images/487775d7-4030-4c54-86a7-c8746ec6e78a.jpg,0.20
images/742c9150-f7f6-4cc1-879b-29a7a6bd00a7.jpg,0.35
images/ff3deafe-3138-4864-922f-93186d3dd28b.jpg,0.35
images/41fa4739-0e11-4899-a52b-2953a8163428.jpg,0.90
images/9dc74c2d-98e8-47da-93af-6a66eb0d18ac.jpg,0.75
images/da11efc6-66ae-44ed-b77d-82a86fdb4850.jpg,0.85
images/66d02833-8119-46f2-a277-2f4ed76f877e.jpg,0.35
images/3eb665e9-1410-4f51-96c0-a31893d01036.jpg,0.65
images/be23cea8-1f07-4e7b-85a0-24691838adfd.jpg,0.65
images/0272965a-42f1-4603-91e8-af2bdff2f38a.jpg,0.35
images/b558bd91-9267-439e-ae87-beb1020c3b64.jpg,0.15
images/8bf5c55d-6983-4324-be1d-b4e85257ff6f.jpg,0.85
images/a40a4cf5-3cf1-4ded-93a6-01757921f5d8.jpg,0.85
images/31c661c2-e205-4c98-91ad-21a403e950d1.jpg,0.55
images/d3152e27-6200-4baa-908c-50f449e87d34.jpg,0.40
images/401437f6-47d8-45f9-81fe-0dac192a32dc.jpg,0.75
images/b858ba1a-abd4-4066-a69b-a67ec02e50d0.jpg,0.55
images/5ac3056c-26a7-4377-a685-8430373c99d5.jpg,0.75
images/8354a2fa-b640-4a3e-8ce8-209399969619.jpg,0.80
images/57b63ca5-97c3-43e1-9d5c-e165a80857bd.jpg,0.50
images/7b197d75-5e13-4735-9d73-06c0bbf266f2.jpg,1.00
images/c8cbbec1-8925-43d4-b1d5-210f549b8d62.jpg,0.85
images/b3120776-da0e-4d1e-a3a7-4cbb25a66fec.jpg,0.35
images/adf61333-10b5-4501-b769-a9e01b74795b.jpg,0.20
images/e6a2ea40-061d-4289-9711-114b8de91ef2.jpg,0.30
images/c5756251-55dd-40de-ab08-1aa781be0eb4.jpg,0.65
images/edf48476-18cf-4307-b042-ed880b6ef6b9.jpg,0.35
images/ae9dcc9c-5a38-4c28-ad11-57bc4310542f.jpg,0.40
images/28cd838c-09f6-463c-9af3-1fadb345a536.jpg,0.95
images/fcbcba95-6807-4b84-b15d-0cd848d86afd.jpg,0.25
images/7158f659-820a-45b1-97ec-557c1fdb97eb.jpg,0.70
images/70b66374-ec50-4a7f-9d37-3e0f96b9307b.jpg,0.70
images/b111cea7-4eec-43af-b58e-e010eda89a94.jpg,0.80
images/22b45e70-5ef9-420c-9dab-fceb23fb765d.jpg,0.30
images/753b425d-f749-45d6-a239-e215e463451c.jpg,0.35
images/79480005-da39-474d-af6d-0e4457122a57.jpg,0.70
images/5de86c33-c970-49bb-92e5-58d30db1ba05.jpg,1.00
images/a605ffea-5d02-4f05-801b-7b2a575d231a.jpg,0.25
images/bd00d0c4-bb10-4fe1-a67f-d89ade7dc993.jpg,0.75
images/fe38f276-81ff-434d-bd55-dc1efa986efd.jpg,0.40
images/43b7010f-fc1b-4250-88ae-5c005a698f4c.jpg,0.70
images/40fdb932-951a-4998-a01d-5e384b51ff4d.jpg,0.15
images/4a42816d-9720-45f7-a123-2b6d18098aeb.jpg,0.90
images/a2d172b3-50f1-4c63-939f-62cd4a60552e.jpg,1.00
images/f9b227dc-bd18-49fe-875b-d65de79905bf.jpg,0.45
images/131edece-55b7-4e89-a4c1-bf491ed61192.jpg,0.35
images/d40c0caf-b8e3-477d-bdec-a008f1bb9d46.jpg,0.50
images/08a99fb9-45c3-43d6-93ba-a17868bfdd7b.jpg,0.55
images/d18c799b-303b-4022-ad55-4bce5489ef8a.jpg,0.70
images/9900822f-0a83-405c-b7e1-803a0143866f.jpg,0.40
images/974fce38-a353-46b3-98b8-6a7d54bb67ea.jpg,0.15
images/f4645607-a47e-47cc-99b5-951feda7f9e6.jpg,0.55
images/8cd4fc31-59a7-471a-a372-b5129777eb73.jpg,0.30
images/f39cc134-22e9-40ba-841a-1fc5541b06c3.jpg,0.40
images/6377c551-5e9d-46ad-84b3-db07684b2832.jpg,0.90
images/614f9914-840f-4a16-9ca4-dc252ec30c39.jpg,0.95
images/d9d87ef8-cb47-4976-9be7-3b3979ba6ed1.jpg,0.30
images/9141aaf7-a602-4893-a3cd-1a16f5c95d3b.jpg,0.15
images/cf3b9a9c-778f-4e2a-9dd0-aece7df0c8f1.jpg,0.70
images/9f3f4be2-b300-4b3e-9f74-e4e4fd3d6c0b.jpg,1.00
images/bafcb461-8704-4864-a229-9e67cbcb771c.jpg,0.40
images/7cb6ef6f-ee53-4486-8f0a-7cc9f2afc4e9.jpg,0.55
images/fdd8fb35-aedc-4af3-a60e-b3784976fd79.jpg,0.65
images/fc054d7c-c12a-4426-ab40-d14d959be295.jpg,0.65
images/7e1503a0-4fbf-454a-a442-2e905752fbb8.jpg,0.40
images/01415c8c-2c5a-47cf-97fc-7ce7d76091c2.jpg,0.50
images/423fba21-3867-4bd4-8f12-cb262d130266.jpg,0.60
images/f401ca98-8f89-4d05-bdc5-55f494b4341c.jpg,0.35
images/0371a4fa-f4ed-44dc-8e20-3fbc29713b2a.jpg,0.60
images/da1aea6c-cb4c-44b3-bdf5-b32ccc166d8c.jpg,0.55
images/b3226189-c881-4865-a521-b0d72e879950.jpg,0.65
images/2fc7da5b-6057-4dd2-9c44-6fd46912250f.jpg,0.75
images/1b415f0a-b0ec-4a1a-8d4c-07343aaa12b3.jpg,0.40
images/0feb3bab-6148-4caa-a789-30f49b8df80c.jpg,0.75
images/15ce995a-40df-4319-9430-82d099efe460.jpg,0.70
images/83e7ac91-44fa-4321-a1da-43bbd2dc8b95.jpg,0.40
images/f3c8c52e-a076-41cd-9c03-38f19fe2b56e.jpg,0.15
images/66f4ae18-f077-4e38-8a98-2f6af28f2459.jpg,0.15
images/a83a1112-4828-4eee-b257-f91118cc1d27.jpg,0.60
images/7bd6c41d-60f9-4178-b24b-326860140855.jpg,0.70
images/ae136126-c6a9-4d43-8eb9-6a4127e7b706.jpg,0.25
images/61627374-9244-4eae-bd9d-50bbedba5ebe.jpg,0.60
images/a55ed5b3-938a-4e26-ab89-3e852eea4184.jpg,0.35
images/49799abb-6542-4497-ac11-b49edf0f6520.jpg,0.10
images/5d72b6f6-42c8-430b-9f12-48cd71e35b09.jpg,0.70
images/3620b530-8050-4c3f-ac88-efba9c185661.jpg,0.75
images/f0b4c6da-b8a0-4882-914e-f465aa40681b.jpg,0.65
images/947d55f3-69bf-479c-863d-67c8dba8ad57.jpg,0.50
images/df9976d4-cd4f-4ba6-bbf4-4a77ad08d1a8.jpg,0.75
images/1d744511-2beb-4541-b070-b1c07db8de71.jpg,0.15
images/8609a303-d498-4325-8c71-0c39a2841e76.jpg,0.60
images/f89944d9-ec95-4df1-8fec-c0d2793cd2e6.jpg,0.45
images/0a7203f3-01b1-4263-a540-7a5605c1b2b1.jpg,0.90
images/a2f90daf-2720-48cf-9857-1d752aaae936.jpg,0.80
images/87da6e1b-bdf7-416c-8047-00ec52bfe933.jpg,0.75
images/41a37122-ae9b-4488-b878-ba64910d3ddd.jpg,0.20
images/549d552a-8bf6-430a-a7a6-5fd6c846e55b.jpg,0.25
images/2496544a-a4b8-41dc-9aac-caf6c0904cce.jpg,0.25
images/9fdf2513-ceba-4664-8aa7-a712bbfc3c53.jpg,0.40
images/9ae6b66c-5a89-4493-825a-6ec63770dd68.jpg,0.80
images/348ca469-8e3b-4d39-b9fb-4a043cb59eaa.jpg,0.40
images/c8db5a6b-c4c9-421b-ac1b-d47ff46405d5.jpg,0.50
images/dcf48b50-b413-4146-9a93-cb663c891457.jpg,0.55
images/74e51c87-62ba-499e-a8b2-07dd20e37353.jpg,0.20
images/20f78d2b-da49-4e1f-8d45-9a79408d13cd.jpg,0.95
images/0179d3e6-0de5-4b2f-b65d-426c0ef62860.jpg,0.50
images/ae4aafcf-0975-4e9f-8dea-4cd6b79ba232.jpg,0.75
images/7bbdfa37-21ee-443b-b68b-b6c172b22b69.jpg,0.70
images/2214eb82-6c8f-4dda-b305-cbf9142d3d7e.jpg,0.65
images/6b5dc9e8-55b3-4303-96b6-0e2ec8fb0dce.jpg,0.45
images/21f9f2a9-ebd4-451b-b03c-3a1d5039e878.jpg,0.75
images/23c38dd1-4741-4cf2-97ee-6c80f1cdad56.jpg,0.15
images/e6bf8f71-2b9a-4dbc-a2e6-573b3cf9fe61.jpg,0.75
images/5074f1f5-ba24-4903-bf3c-661122c4bf6b.jpg,0.35
images/43c78b73-1158-47c4-ae05-46eb85b37144.jpg,0.15
images/5c4e1bc2-c811-43e3-a01c-5179dcc32f34.jpg,0.70
images/89177a30-c0ae-41cd-8366-9dd1e15fa820.jpg,1.00
images/96a897cf-4600-493f-9ca8-af3c4ff3ec63.jpg,0.55
images/32cf6cf7-14aa-4887-b4da-71e4f046b1a5.jpg,0.40
images/63c1741a-45ef-49b1-bfde-0715349c6139.jpg,0.70
images/c80a4525-5b52-4782-bb75-cda8273616f4.jpg,0.45
images/ad87c8f4-53d8-45f8-ac1a-780a771b9844.jpg,0.45
images/3eb8abd2-e5b7-4716-8fc8-64eaa526d85a.jpg,0.90
images/54e82ffb-8f2f-4f75-adda-17bfe3cca67b.jpg,0.55
images/907c2351-b815-4839-87ab-8c5f6cfa75b0.jpg,0.40
images/a17ad25c-567a-4bcd-9095-00d548f7865c.jpg,0.30
images/e7ccf174-ffbe-4a5c-9537-36bf50376a62.jpg,0.65
images/b0f0c0d4-5de0-40fb-8221-9ea048dbed50.jpg,0.65
images/e5cb8426-6c29-4995-b5be-43f6e574f661.jpg,0.15
images/bdb29fa5-6c25-4d21-b4d9-8208f5223ad3.jpg,0.80
images/31a2670f-a2b8-4122-a90a-6fbf8ce1497b.jpg,0.85
images/761d8018-4624-4d3e-bbe0-72f714862e6c.jpg,0.60
images/7331bcbe-9204-4977-8553-89cd163d41ed.jpg,0.90
images/757735d1-6c8d-4382-a2d7-a26fda118189.jpg,0.55
images/bb176154-bb8a-4bdc-b0e8-d9232c816ffa.jpg,0.20
images/b79a0058-01ad-47f2-99b3-408316b279f1.jpg,0.25
images/bca27145-7efc-4008-ba05-a97bc417235a.jpg,0.75
images/c4219517-0417-43d4-84a2-a038a060ac35.jpg,0.70
images/137bafed-012b-472d-858e-21965510241a.jpg,0.70
images/758a27d4-14bd-4c27-8890-fb8f6bb71655.jpg,0.70
images/8fe4286f-df06-4207-a097-f644ad3f0ffd.jpg,1.00
images/77eb83c2-c966-404f-bb11-d4ba4442365e.jpg,0.75
images/f3d73187-94a3-404d-b765-52d4efd0dd3b.jpg,0.75
images/ea6df05d-7540-4c39-b401-e8f904cb6a18.jpg,0.95
images/1d334985-a461-442d-b847-b2178266a327.jpg,0.60
images/6fef892e-a7c7-46f9-bb38-0ad0af37a6c6.jpg,0.75
images/7e8af6fc-e715-4c96-93b3-8790d88fddb0.jpg,0.60
images/38cdd626-c2ca-4213-86dd-b402ef925098.jpg,0.20
images/f49516b5-3750-4fb1-a344-9750f679a30e.jpg,0.25
images/f64dbe9b-c6c4-4ae6-adef-633c95818842.jpg,0.90
images/6c67e3dc-d485-4f56-ae3a-225a3bce6bb0.jpg,0.90
images/cc267b8a-add5-4bb0-b3ed-3c11869c10f3.jpg,0.20
images/1a804e54-2ac6-42f1-ad08-ce49681c4da2.jpg,0.65
images/90f7cc65-8534-4bdf-9f44-d4c7dc04b8bb.jpg,0.65
images/aa277506-1620-49c3-81f6-96c7f2729c16.jpg,0.70
images/c4597d7d-05a6-4aea-b94f-f84fabac8197.jpg,0.65
images/6c893d8d-abc1-4c90-9dac-974f5fa23d54.jpg,0.45
images/81675110-0b59-4ad3-9abd-a3e4bdd4046c.jpg,0.55
images/8e8826d6-3a13-41a7-9c42-57d860595463.jpg,0.65
images/ea35afdb-8d19-4817-9adf-b5f9bd4a5cf4.jpg,0.55
images/b1819f44-18f6-459c-b96b-1b78c735cb0a.jpg,1.00
images/a7ee5a2e-2e64-4dc2-9b18-49c805527659.jpg,0.30
images/42d4e6ca-e19f-4751-8d7e-5eca6f15bd81.jpg,0.60
images/84fdac0b-2601-403f-a0fc-36d3fc444063.jpg,0.45
images/22e10bfb-a9e4-4982-9cd6-19745a8ee8da.jpg,0.65
images/73bf42d1-da5b-4709-9244-fbe4a44b84d9.jpg,0.65
images/6275467d-3f5d-40e7-9e90-295b983b4a87.jpg,0.60
images/7e9a7953-6c70-4514-a55a-2ed03ba23d6d.jpg,0.45
images/bcb3a59f-cb3e-4872-8d32-1cd3a82f8ad8.jpg,0.45
images/f9282802-f80d-4968-9d0a-b8244ced5bd4.jpg,0.35
images/7eecf1e8-f726-434a-87d8-0e1e5c04058a.jpg,0.40
images/5841099c-37e8-4813-b350-f24575a85cd9.jpg,0.90
images/3faf06cc-8901-479c-aedb-e58c0e39b6b8.jpg,0.85
images/fc76eec3-8c04-446d-b68f-055c4da690ab.jpg,0.75
images/699db96c-6440-451c-b879-1a2e89352c1c.jpg,0.50
images/11b79341-1f44-46c9-8c5a-a0afffef73e3.jpg,0.50
images/051b9c29-b544-4861-aac7-4df118680b32.jpg,0.80
images/eb5848d9-68d6-4dd3-b8c2-b60357301b04.jpg,0.40
images/b11e8a39-2c27-494c-9f66-37e6f1ea00c1.jpg,0.75
images/2988613d-0431-4184-aedc-c01c0af7a40d.jpg,0.60
images/6dc103b0-ebdd-41c5-8ac2-56747306fdd9.jpg,0.90
images/bd1c26c7-0365-4f3c-8ff8-0ef274b5a271.jpg,0.65
images/661528b5-41ef-4c2c-8e2c-2e0c70d145eb.jpg,0.45
images/c35b563e-8121-4b11-9571-bea079ad3f05.jpg,0.10
images/a56d52b8-1453-4b2c-a4cb-ffd602d2f384.jpg,0.35
images/83fa73f5-25a7-41a7-bfbf-339e25ede96b.jpg,0.90
images/5f49ac2d-5c02-44c6-bfb4-ecdded62174d.jpg,0.20
images/2fda3dd4-f896-49de-b11a-88158f211903.jpg,0.65
images/e41f4b15-44b3-470a-9155-182e84e3ec02.jpg,0.70
images/04e0f3e7-2612-4fe3-ad48-ae076531966e.jpg,0.40
images/a3481ad0-c718-472a-b26e-008bd6633609.jpg,0.35
images/0f3ddaa3-145b-430a-be9f-379e445ee762.jpg,0.80
images/9fb2ec58-7aca-42ce-b010-f4300ea8fc23.jpg,0.15
images/ab72e18e-3f8b-4d43-8436-093f97644539.jpg,0.70
images/d16d0471-495c-4f82-b333-dc2157fd6bf3.jpg,0.45
images/6601eea0-2c86-46e6-ba11-8ef6eaba489b.jpg,1.00
images/2758653c-adbf-4caa-88ab-93499695ca29.jpg,0.35
images/8f78d135-4803-4b19-bb24-7a597aa63b63.jpg,0.70
images/370ed899-5754-4383-8f4b-757242d7d0c1.jpg,0.50
images/f7a5ab69-1700-45e7-b37b-fc662458b49e.jpg,0.30
images/db5650ae-4696-4cfe-b5fe-b8292a22e53b.jpg,0.50
images/465ee06d-4800-41c0-93b0-eed4a48d3755.jpg,0.40
images/a5e7c270-0c8b-40b9-a162-787c9544b1c9.jpg,0.90
images/c4558260-9e51-45ce-8a26-3d6ff19ebd1d.jpg,0.55
images/5d6e8977-93d9-49cd-ac86-ff21ba862501.jpg,0.70
images/bb177507-bb25-4781-865a-ea9c13549f0d.jpg,0.10
images/ca1f2257-0459-4214-b2b7-76f61a85001a.jpg,0.65
images/5de681fa-1f90-4bad-8682-6cde0f251591.jpg,0.35
images/46099463-e660-488c-8564-91b388c5faab.jpg,0.80
images/41850128-61f2-4cfe-bd2a-9cb8709a740b.jpg,0.20
images/56dbee78-51c5-4e02-9700-c3bab47df67c.jpg,0.40
images/16fa52e4-6cc0-4fc0-938c-61cb2f5c4fb9.jpg,0.45
images/41622e47-4b0d-427a-8bab-111e6ae6f782.jpg,0.40
images/d005dfad-19c4-49f8-bcf5-a56cf4bf8475.jpg,1.00
images/2bf2cca0-2c9e-4b38-affb-a6af1a714cb0.jpg,0.50
images/1eba1d96-c112-463a-8388-92ab110a56fc.jpg,0.90
images/4ab55cb9-3c3a-47f5-808d-04c10bc64592.jpg,0.75
images/42398d56-e796-4d15-acce-d0ce74a8f72e.jpg,0.45
images/8cb64d30-93cd-4172-85f0-35d151c8e1d7.jpg,0.20
images/68bdc337-d012-4a80-ba08-b03a24491053.jpg,0.45
images/bc922164-d73b-4896-b507-2a172a95b7dc.jpg,0.75
images/83aa3797-5b33-4455-9c29-fb4f2f0fcf10.jpg,0.10
images/913c5afd-cdeb-4092-8980-a53ff7aa9539.jpg,0.75
images/6194a8c0-84f7-4c04-a0cb-5d9e04c88006.jpg,0.15
images/450289e0-41e8-40e3-a488-3b295269bafc.jpg,0.30
images/ad325e93-d79b-4cc4-bc7d-ca94b72fc9b9.jpg,0.50
images/f3560a31-5ff0-4295-ab28-0c459295fee8.jpg,0.45
images/61b7c301-a30e-4fbd-bb65-b0d3cdb82786.jpg,0.30
images/859257fd-0a2c-4c19-9781-3726a27674a0.jpg,0.35
images/2fb0ac36-ec8d-4a1a-9dab-7f45a466f811.jpg,0.90
images/6a5bd4ff-9830-4dad-b9e0-80e22d474ae4.jpg,0.75
images/bcabf26c-f5aa-4e09-b3b7-cac30aafa4b3.jpg,0.20
images/5a0c3032-565b-4c55-ab4b-f248965acb98.jpg,0.95
images/48c9cbdc-e705-4f7b-9fe4-de184bba15ce.jpg,0.95
images/5ef96c76-7bb7-4b0b-9455-6ba44ecb8c28.jpg,0.45
images/15927a3c-96d0-4613-93b8-0afda391b22b.jpg,0.60
images/31236a8b-5d1d-447d-9cd1-a863da0dc9a4.jpg,0.75
images/13c5db20-0fbe-4661-a01d-a01ecc765040.jpg,0.65
images/185453b8-680a-40f6-b7d7-ff6eb15db04f.jpg,0.50
images/2367dd4f-0729-4999-a308-8e415696a607.jpg,0.90
images/cd1ce545-8549-45bf-87e2-8a268a9fb4e4.jpg,0.30
images/e1548b97-cc80-40a7-9a03-2674ef917065.jpg,1.00
images/44cc249d-9e3f-4e7d-9ff7-6a86e40f38e7.jpg,0.30
images/e1b0ea5f-47c1-4219-a8e5-a1acee5bcfd0.jpg,0.85
images/40b9b922-4d3e-421e-943a-34b2edefc9b7.jpg,0.45
images/39111bba-fa4a-4087-95ed-7822cb097a62.jpg,0.40
images/7949c683-47e9-4ef5-8480-f1166170e6d6.jpg,0.45
images/af1c096c-eb24-4f70-b5af-f54fbab13b25.jpg,0.55
images/9cb2d9df-148d-4daa-8ed6-bf3fcf8101b6.jpg,0.30
images/4fc1f902-c77d-4112-b339-c6a952d5778c.jpg,0.35
images/7b9162dc-f216-44d1-be27-efa057dfb23b.jpg,0.90
images/94a99e74-e2e2-4ebd-9031-2d44ff9e7d58.jpg,0.40
images/d31fcd5d-50e3-43a1-a6ec-6da7b2231ee3.jpg,0.35
images/b6b9c408-6c72-46f6-ba4a-fc800cf06165.jpg,0.85
images/68f38601-650d-4e7c-bc99-981849287de3.jpg,0.70
images/a9c11bab-0af9-4629-b00a-3d2f428c664a.jpg,0.90
images/d7c89f42-5fb2-46c0-8e56-7fea651594e0.jpg,0.85
images/15001d3f-92f0-489d-aa9b-1cb35cc19504.jpg,0.30
images/943c1bb4-cd92-48d6-891c-e9f39a819e7e.jpg,0.35
images/ff0637e6-7ee5-4400-aad3-2d5032b898d6.jpg,0.10
images/4e1b3836-f1cf-472e-af66-ffe00f78e0c6.jpg,0.25
images/793da215-2372-4f22-aa38-7d374f5cd100.jpg,0.35
images/724099b5-18d1-4213-958a-2c5cd3ec1e45.jpg,0.80
images/8ee4cc65-5db4-4232-9afd-b8675bf290bd.jpg,0.55
images/9397253b-fc05-4d74-8d8a-def78b38945d.jpg,0.80
images/ceb0447f-c7ab-4020-9b97-903290d2c847.jpg,0.35
images/62ce6a0f-a922-4fb4-9ace-e1fe12fb4306.jpg,0.65
images/7246e08c-3edc-46ba-b3db-b86e7f996a88.jpg,0.60
images/03e8c769-8ad1-4c79-9b2a-0f4d3ecfaef5.jpg,0.40
images/d798c2f6-5e9d-4ca9-883b-73923f9059b5.jpg,0.75
images/3ea08f24-707c-4cdd-b4f1-34130ab545cb.jpg,0.95
images/7ec5790f-3539-4367-968c-9e10ab78ab9f.jpg,0.75
images/53e5b7f4-0a98-4bb6-9f8b-72e8ead3a5c1.jpg,0.20
images/c3ea55de-d2cd-460a-8b70-73dda28732a8.jpg,0.40
images/65972dd2-0bba-4664-a44c-f5f08a7edbd5.jpg,0.65
images/cd19be47-2495-4e46-a732-ea1d4632454d.jpg,0.75
images/4f37a4ba-69a3-4b22-943f-9425ab780d51.jpg,0.75
images/4ebed01b-74c3-483f-b3b6-02c249327aee.jpg,0.15
images/34bc4d77-86be-4bf5-a64e-7720c2280447.jpg,0.90
images/4cc62dd5-d040-42c5-a27b-15af62735e4f.jpg,0.35
images/3a5a8aa5-51c6-442f-a46b-a0463e452f48.jpg,0.55
images/8a1daee6-58da-41bb-a74c-091ce2d31ce4.jpg,0.85
images/42fe4800-db85-4973-8a86-6cb34b70e25e.jpg,0.60
images/4981db89-f411-4168-9089-93e225da295d.jpg,0.75
images/63d8e977-c8c1-4c08-918e-2481547573d2.jpg,0.85
images/a1b914b0-1878-4d46-b50c-8c2d97902f83.jpg,0.95
images/37ee73f9-9707-4198-92e9-2588cfc74023.jpg,0.35
images/2fc51ad8-c5ee-49a3-b313-1f8291e16741.jpg,0.45
images/eea4d836-856f-463d-bf04-f25c20fc9099.jpg,0.70
images/7eeed3e5-6aa1-4f70-b676-fa647d206798.jpg,1.00
images/e0df55cc-2edc-4ae0-a885-ac57e7236619.jpg,0.50
images/89876b37-b2a2-4cdf-8e23-32e85329f9aa.jpg,0.25
images/643b5acb-08d7-4265-b398-989426c21971.jpg,0.70
images/95d34c02-bd60-44fd-a12b-43b38dc587b8.jpg,0.50
images/42baa674-7804-4ed8-9c2b-2613af20c5de.jpg,0.80
images/d7772a9e-5ca9-4a3d-8be0-5c598322f570.jpg,0.35
images/7af6cb5b-65c5-40ce-9518-c6027a806178.jpg,0.10
images/7f764f94-4a69-40f0-b0ad-427ba0ced524.jpg,0.55
images/3d23210a-372d-489b-b8b8-56a198412408.jpg,0.45
images/040a552c-3ca0-4e4c-8a9f-db65e11be2e5.jpg,0.30
images/dd6e15b9-223c-43fa-8b27-127589215d0d.jpg,0.65
images/04d6af60-2eaa-4db6-abcb-6b163f25a7b7.jpg,0.20
images/7741361b-3dda-462c-88de-6988e9fbd981.jpg,0.15
images/b9a745c2-7f71-4ca6-b34a-bd0e96128c0f.jpg,0.90
images/1a2a98aa-5fe8-4963-9800-984febad85c9.jpg,0.45
images/57c859dc-eb77-44ed-968b-8b54ed4f446f.jpg,0.45
images/266f8c18-2776-4aae-8fc9-f71781e4a1e1.jpg,0.50
images/30e5fa25-7151-45cd-a84b-1ed77a2d182f.jpg,0.20
images/95ce5a88-6cb2-4b15-a8ae-5b75d27cf12e.jpg,0.45
images/b1543377-606a-4cb2-abdd-d9ed612e7d83.jpg,0.25
images/18032dbd-0897-4b01-a930-12bbbb277eb7.jpg,0.50
images/9a1771a1-a22f-4c4e-9963-217132bc4ecc.jpg,0.40
images/b6a9a3c9-9b65-4548-8a69-93e26288708a.jpg,0.40
images/3ed4b337-fb55-46fb-8ff6-f3b9c019d191.jpg,0.80
images/cf9cb7f2-14cf-4d29-be34-cc27fd6ed721.jpg,0.75
images/097b7494-45ad-4368-8328-a720e362db08.jpg,0.85
images/a58abcdd-7427-4243-8211-9c81a5bc3b0a.jpg,0.65
images/f0c95b76-caff-4e10-b8c3-88f7c991a237.jpg,0.55
images/9abb7a9b-d744-428c-94c2-f28954d6d7a0.jpg,0.60
images/9778ae27-ffb8-45c8-8305-a683d99eaa06.jpg,0.15
images/3250e1b5-0ae3-4b18-8a2f-e60a845b0add.jpg,0.40
images/4d2c9425-624c-45db-9a6b-0d60f858fcef.jpg,1.00
images/c7f50240-3d2f-42b1-9d68-5c50d42d79fd.jpg,0.20
images/c71b5225-9a69-482f-9eeb-db163ab6c0da.jpg,0.70
images/41c68c44-13ce-4252-a0b7-462ac6c30df3.jpg,0.60
images/75a3798d-a176-4082-ae90-b021a99dfcad.jpg,0.55
images/a3b7347f-60c4-4da3-8b0f-021b02eaa2a1.jpg,0.45
images/634a4293-91b4-405b-88ea-0695907ab148.jpg,0.70
images/8bf9150c-7148-424c-98a1-2e240afe8ad8.jpg,0.75
images/3cc17eb5-01b2-456c-9dfd-bd63e4cf2ebf.jpg,0.35
images/954d408c-6993-42bd-b55d-6f42c443c09d.jpg,0.60
images/dfbccd89-2959-4f81-99e4-d690fe831aac.jpg,0.65
images/77175aba-58cf-4fef-8cfa-62e5bf12efd4.jpg,0.75
images/98965408-74a3-496d-8a59-90665b10955d.jpg,0.80
images/e30462ab-668a-49a8-8403-a31a2cc6324a.jpg,0.70
images/07f71efc-8bca-4b86-897e-61cb789144bb.jpg,0.35
images/16d70b75-c1ce-4832-8dbd-d8a1a0ca28ee.jpg,0.15
images/6dab8318-23cd-49e8-b55e-0a1d110159b0.jpg,0.75
images/73a13016-e40b-49fa-b776-20834da7962e.jpg,0.65
images/771583e0-2a6d-4812-bd87-8b0bf90a07fe.jpg,0.60
images/1eac6b0e-f508-4070-a897-6b5f8e031566.jpg,0.95
images/55bf4e32-0fc1-4f6c-9b7e-c407564329e6.jpg,0.75
images/bfd791ca-f89e-4856-abc5-617ec4d65f2a.jpg,0.70
images/e8ccdb43-c071-4ccd-beb6-4c01242f7316.jpg,0.65
images/1768fcd2-cea1-44f1-bd25-dc71fb1aba87.jpg,0.80
images/4ed570c6-76a7-4a68-a795-c6508f4146fe.jpg,0.75
images/5b4d30e3-fc20-4ed9-a44b-6c79d3907965.jpg,0.95
images/b3635697-b529-45d4-9f70-0163fb1cbf69.jpg,0.25
images/7dcab4d8-db4d-4c0c-ba93-09c963854c2a.jpg,0.65
images/9d03f97c-47a5-4d50-9b07-3226ba0978bf.jpg,0.25
images/8a8f8982-5691-4dbc-a891-a03035845169.jpg,0.80
images/1c7b9fe5-9060-4dbc-b4e4-e5a548995b15.jpg,0.40
images/82619e52-a2c2-4980-97b3-cec8edeb8d01.jpg,0.20
images/c21e9b14-9a97-49fc-9eab-a0b38eda3071.jpg,0.95
images/b57ac11e-39d9-4928-ae5d-85ee9727b838.jpg,0.65
images/e4c12255-2cd1-4125-8eee-1a90c03e0b85.jpg,0.85
images/88a9bf35-bec4-4353-b3f7-a4c587a6fad6.jpg,0.80
images/232df671-1b2d-4396-ad58-12b1a2480467.jpg,0.80
images/ca2063b8-3704-4521-8fc1-2790b201ba47.jpg,0.80
images/5d2083d9-9158-45ed-bac0-48d1f7c5e738.jpg,0.60
images/a272ae81-67bb-4da3-ba14-9b2485343ee3.jpg,0.30
images/326c3060-7fbd-4e3a-a340-8e482b403f09.jpg,0.60
images/55b8f8b3-fc07-424e-8594-f659a8a58b29.jpg,0.60
images/38fea630-d849-4c37-9a8a-6f482d48d438.jpg,0.50
images/049f52bb-b0f6-485f-9d9c-e4d350421407.jpg,0.70
images/86d33fa8-10af-4ebd-8393-2d798c2f6bb7.jpg,0.35
images/34a7fc6a-a043-4ee6-a348-4790ab87b2dd.jpg,0.65
images/a9e1b163-06f9-4084-97fc-0c8d2ea64aed.jpg,0.40
images/5026cffb-57e2-484a-80cc-8f286004c3ab.jpg,0.75
images/20c1de24-4f31-4a0d-8987-56f82949bbec.jpg,0.40
images/b26abf7b-6096-49fb-a286-7c50d4e64e73.jpg,0.15
images/066d8d4c-2ff9-4de6-b25d-2716a48944e4.jpg,0.45
images/d5e1e216-bdcd-492b-af88-956df6be46c7.jpg,0.25
images/da1114a3-d380-4a69-874b-0e47454de251.jpg,0.25
images/07c95a4b-bf07-4a7a-ae46-402bbcfbb3e6.jpg,0.55
images/c58f6c2a-0111-41a4-a2aa-190138d0f13e.jpg,0.20
images/66fa7aac-2044-4af1-bcfa-2201cb8d7dac.jpg,0.45
images/ba4b3476-ea43-4591-a808-d525e1c21e5e.jpg,0.95
images/b0cd62b8-c0dd-4f9c-ba56-09c93d21e8c1.jpg,0.15
images/3ae553a2-59f7-42ab-a9c4-262fb1749c31.jpg,0.40
images/2d56c9d9-79c1-4f73-a7d9-e9ed868a40e3.jpg,1.00
images/c64c7a49-76fc-43c7-b828-4f09e6de5928.jpg,0.45
images/d8f2f0fa-204f-44b1-bb11-38b1f689a24a.jpg,0.40
images/45c2a922-feef-4573-ac1f-32ce507729e9.jpg,0.45
images/be5008cd-7cac-47b2-98d0-9d89a76dcd12.jpg,0.30
images/748053c4-cd13-463d-ba0b-59a0ecd55090.jpg,0.70
images/d4c324d9-1883-4fdd-b07c-7e3bde94e208.jpg,0.35
images/d9cab92d-b5c4-4deb-aa60-e2547ae651cb.jpg,0.40
images/b0abd2bf-8893-4b3c-b898-5a9ac2ec47f9.jpg,0.65
images/33bd3595-ee67-4e4f-9d2a-3bca792b9af9.jpg,0.65
images/0fd609f4-072c-4452-ad9f-4ddb923b6481.jpg,0.80
images/f865f25f-1a27-4422-9514-c5af14f595c5.jpg,0.65
images/0812d395-1838-44ef-90d8-1df549880a8f.jpg,0.60
images/33cb424c-5efb-4053-bb3f-5e368e573e69.jpg,0.95
images/c45e4c1c-0801-414a-95a1-c311be80ad60.jpg,0.65
images/1ac73bdd-ea38-49f7-86b1-010511eb7a26.jpg,0.95
images/3319f6e0-911e-4516-8c9b-1b57c2895577.jpg,0.50
images/8c6e4eba-efdd-41d3-8436-81e9694a50fa.jpg,0.50
images/be344a7b-5a65-4066-8e00-d5e646e04fa6.jpg,0.20
images/ed84b0e4-54b9-4e90-b863-be857cbb28d5.jpg,0.65
images/75958957-6624-4cf5-b797-89bd32112c70.jpg,0.80
images/96694c53-3549-4240-b207-e581ea316cfc.jpg,0.70
images/1612ca24-58ce-45a3-acc5-c22b6d1e382f.jpg,0.70
images/70c251ba-2acc-4e31-b06c-76e9adbe2e90.jpg,0.40
images/47f997eb-e4c9-4c09-b1b6-ce55e555f296.jpg,0.40
images/ea58bf4d-b6be-40e2-b94d-07da2805b647.jpg,0.60
images/59705ed1-96ac-4366-b609-9f7304b398d9.jpg,0.60
images/1543ab5a-5f7f-4da2-b7b2-96871e9c9d98.jpg,0.75
images/7334bebb-32a2-41ca-9272-5a87d4350233.jpg,1.00
images/1c9920c1-5c8e-4eb3-a6a8-e7b480213bd4.jpg,0.90
images/17d05fe0-0ebf-4ca8-b441-f2e8ec119d34.jpg,0.90
images/9193e275-d66a-45bb-958a-b627b7326122.jpg,0.80
images/5a44bcfc-4fac-48f7-a8b2-cdc0b6b9089d.jpg,0.20
images/186e664e-9bc4-4cf2-ad69-2e042925e5d1.jpg,0.35
images/55108843-8a83-4431-adbc-4c485e976f01.jpg,0.65
images/e096ca30-d48e-4cc4-80e0-daf8dc9ce8e2.jpg,0.40
images/5cfe7bf2-446e-4b74-9569-02e476daccc0.jpg,0.85
images/2d0eeef1-3362-41bf-a7b3-b20f56b20a69.jpg,0.25
images/3f9d70f3-1a23-41cd-a634-bddd5cac14df.jpg,0.70
images/b83306ad-d63d-48f3-b66f-491c6c5ea2fd.jpg,0.40
images/3d520e73-ff53-4624-9329-54655e2cffbc.jpg,0.10
images/2c2b85e2-6f7b-44cc-8251-7c81b6405d26.jpg,0.45
images/3eb4e4d9-2f89-461e-aa77-f55cea27f7d4.jpg,0.45
images/bcf60bf5-ac7e-4967-85ac-f1b8e18b095b.jpg,0.40
images/81763c5d-0263-4a41-9b95-1cabad0e1e28.jpg,0.45
images/37f25ec6-c708-445b-8df4-3801d0f6195f.jpg,0.10
images/769eae5f-e806-457b-9d64-b24ff2c7aacb.jpg,0.10
images/61324612-9bc9-4dd5-9d6a-917c9cb57735.jpg,0.20
images/a1e40474-d6b2-40c8-9bc9-a845363d789c.jpg,0.60
images/249d0b39-5523-46e3-97f6-4ab6692d1c98.jpg,0.95
images/ea21f267-3895-49de-981d-6afb43e6d39b.jpg,0.50
images/d6426e0b-308f-4fe5-8b5d-c82251ffae31.jpg,0.40
images/d60ba0f1-6439-48b3-99d1-05c4b4be85d5.jpg,0.20
images/ba55644d-db14-4107-ae86-9e9950bf0c78.jpg,0.75
images/9c52128b-340d-4931-9421-94c52de50cdf.jpg,0.55
images/22e708db-6c50-42c3-b7c8-a0d7f3762d12.jpg,0.40
images/2b60f9bf-263c-462e-af11-f73915bcbe1c.jpg,0.45
images/60d55456-8958-41fb-b3ec-d2aaff70a7fb.jpg,0.95
images/75fb247d-a82f-4d60-ba96-56a4071d0109.jpg,0.65
images/cb646f8b-fb88-49ac-ac2c-5c3b90dfc013.jpg,0.95
images/42fec009-5339-4ca2-8a06-44c2f07b9b34.jpg,1.00
images/f20bcf8d-c9d8-4338-9c43-dacb4c9bc51c.jpg,0.85
images/c1f5ae59-8d48-4162-bf07-c1d8f82b35db.jpg,0.15
images/4dd92ad9-3ec8-42e5-8e13-18efc374affd.jpg,0.35
images/4527b14f-85d7-411c-b282-8cb22c213303.jpg,0.50
images/2e7f6dc8-bb14-4aae-94ed-1f20aae7fdb3.jpg,0.90
images/e4b9aefd-130c-4728-a685-d406eebbece9.jpg,0.60
images/79149df5-2d66-47e0-bfd5-86a1df3927cf.jpg,0.50
images/6612a4a1-c3a3-4d15-a850-df2edf321bef.jpg,0.50
images/0059e67b-827f-4e95-85c9-2e5b90a3208e.jpg,0.10
images/fc18b2d5-3043-4fa0-bc85-df4591e9a7cd.jpg,0.15
images/12e003d4-0913-4a61-bea9-c829b9dd6c3e.jpg,0.20
images/32ab1b39-c40c-4da9-b205-418135cdb7e1.jpg,0.95
images/1a01c4c9-d397-4d93-95b9-bb6349d5f57c.jpg,0.40
images/824d9830-fc79-4b21-8c04-32d0c65c10e2.jpg,0.80
images/4e6b43ae-0429-4f00-b012-ba4a758780a3.jpg,0.75
images/5b394d9e-9eeb-477d-9335-b9452b2e7334.jpg,0.75
images/48bf7fb3-3488-46db-92fc-7f9b9092a0fd.jpg,0.35
images/7b748811-26c9-4f06-bd29-b0c9c4c7be87.jpg,0.25
images/affa2d52-964a-4d16-9275-3802cfc953b3.jpg,0.15
images/9fa8c781-f628-4d78-b4ee-47d37731f835.jpg,0.25
images/d43550c6-7446-4a50-be17-a085af1de94a.jpg,0.40
images/7a767d4e-0e23-441f-96b0-bc86be7bb788.jpg,0.20
images/5e8df5cd-2df4-488a-a1d5-94472c7089f4.jpg,0.70
images/81e7e916-15cd-4bc7-8bbf-04108801f685.jpg,0.35
images/40e86182-3da5-4039-8654-b6520ce58454.jpg,0.35
images/77bfb72f-2375-4050-93b4-b3cd743586dc.jpg,0.35
images/729b6b14-94c5-4297-a47e-8ef1f5dc4fc2.jpg,0.65
images/a88275ad-bf90-4af5-b69c-95cecf98e707.jpg,0.50
images/5ee9dd22-6b3a-490b-8ef0-55e9b2a63aa6.jpg,0.45
images/eaf2b517-692f-4ed7-a2cc-d9c03ed39720.jpg,0.45
images/ef033028-31d4-4263-a80e-908976715d93.jpg,0.50
images/62f12240-6461-4fa7-a279-16a15f910eed.jpg,0.45
images/1d829c14-420c-420a-85ec-dfe0dc01236e.jpg,0.75
images/20a3ee92-c4cf-4fa9-a8a8-df4f65d149c8.jpg,0.75
images/7e1d0494-8a4d-435a-bec5-ff90c62538e8.jpg,0.65
images/b6226b78-8bf5-4ba4-a974-3ba4a23aa846.jpg,0.35
images/94df8686-7d39-42bf-962a-ebab31ffc000.jpg,0.25
images/20baa38d-81b9-4cdf-9369-40d85cdcc088.jpg,0.30
images/d2294012-8d74-4218-a90a-d678fbbfd0a0.jpg,0.55
images/db02c056-0f81-4582-843c-c8d43b57c260.jpg,0.50
images/0f887576-7663-4931-b8eb-4151d3c82efd.jpg,0.15
images/03892a9b-bb94-48bc-abd7-7c1768117d14.jpg,0.25
images/f4718487-7164-4143-899d-0146969e68ce.jpg,0.80
images/b7083d87-c7c0-43f1-8d7d-857495b3f80e.jpg,0.50
images/f2b3e46c-cd67-41c8-800c-a83b5c7af478.jpg,0.35
images/eb2d9806-22e7-445d-8288-e098882c5190.jpg,1.00
images/c720da2b-c144-4c9c-937e-6487500df5d4.jpg,0.25
images/512750da-856b-4425-b2b0-f265679a49db.jpg,0.65
images/b4e8f8be-1788-474c-b143-528d03b40326.jpg,0.85
images/598af124-a7b0-4ed2-9df4-53480bd394ae.jpg,0.60
images/a9116a48-85b0-4639-abf9-549880989117.jpg,0.45
images/00e98da5-5b2c-4ab6-85bb-526f8922e08e.jpg,1.00
images/7892599c-f28a-4c09-a6f7-3b36e92235d5.jpg,0.70
images/17abc5d1-1a0d-4aaf-b389-5b677ef161ec.jpg,0.90
images/0f612894-1637-404f-9843-8948995bfe59.jpg,0.60
images/4e0a9ab7-5ca9-44f2-9640-4fe902c4d4c7.jpg,0.15
images/eeb66bb4-7955-4388-b1da-ea64ae2d7c78.jpg,0.90
images/bfe8b0af-c441-4f09-a8fa-173075a95366.jpg,0.55
images/6b62825c-00e2-4722-b0c8-c732683cd671.jpg,0.50
images/af72cd2c-190f-4406-a839-7b4b385501ac.jpg,0.80
images/8f56611b-07ab-466b-85b2-d5701a3f5b25.jpg,0.40
images/2f0d4681-bc71-4bde-bc37-a039a9110d58.jpg,0.75
images/40e26e4b-d541-43ab-9a6d-ebb33b86d69f.jpg,0.35
images/a7db9147-cb14-4caf-b0c9-bf30b2b572d0.jpg,0.50
images/094ed848-4c4d-4849-b7eb-7d9cffbb5f02.jpg,0.60
images/5b3faa58-2392-4cf5-8a98-951fbf2b7da4.jpg,0.90
images/3409f236-7402-4969-a93f-7252c7c94031.jpg,0.25
images/d216fa2a-0bab-4cf0-af48-e708b68a4620.jpg,1.00
images/5693e901-73c1-4cd4-9f81-252c8dfb3825.jpg,0.70
images/fdc75bcc-991a-41ec-b99e-a5b685210b6d.jpg,0.35
images/5a2a5c42-d7e7-4bd2-a370-c9244c3a2260.jpg,0.20
images/f089dd30-a4db-4172-a143-96d466cee294.jpg,0.45
images/117575bb-87af-45d8-a4f5-d25fcc91fa32.jpg,0.45
images/e90287a1-bbdd-4031-a173-b39b91da1ca2.jpg,0.40
images/91221c32-66a5-45a1-bf4d-feab61762a52.jpg,0.90
images/31cc8804-f512-4b4e-b6de-e936bb95d5f2.jpg,0.30
images/7047f941-d90d-4a10-900c-b5b2aba99382.jpg,0.85
images/3fa04c76-e561-401f-a168-b6043ecc1bff.jpg,0.40
images/bad4fbdd-6d5c-4593-95fe-6958fc2b84da.jpg,0.55
images/781f34d9-8601-4e7d-9d9c-1ca4af57f704.jpg,0.60
images/3bc17e6b-05e6-4c5d-b8b9-202d66a92907.jpg,0.40
images/64619e80-a997-4c05-a588-6e600a68f600.jpg,0.75
images/a34db760-9d3c-4360-9ce2-055570f56a02.jpg,0.45
images/a0d31b67-f367-4c91-a6a4-753591e829fb.jpg,0.65
images/a5462393-de13-47d7-82fb-a88bed4e109b.jpg,0.60
images/4c9bc23b-e377-4d7e-8c43-a294bd8f4f42.jpg,1.00
images/6db6f772-a2c2-42e9-953c-7c8a4808e701.jpg,0.40
images/95decbab-0619-40ed-9187-193fc7b904d4.jpg,0.15
images/92e12093-fb62-4fb0-9d40-da559dbb68a5.jpg,0.35
images/fc9c2bcc-fce3-46d7-a34c-a0293d31e187.jpg,0.55
images/824baa49-520f-4874-8764-8045f5fdd0d7.jpg,0.15
images/9cc8bc9b-3a93-448c-98c2-a4d73a8bd9c1.jpg,0.60
images/71badc38-841f-4d3a-91e7-268434e311e5.jpg,0.60
images/b0e003a7-d8b8-445d-88f6-26cbcb112d55.jpg,0.75
images/150d50e2-c644-44fe-8ba8-657613cac241.jpg,0.55
images/cf2a6d69-fe96-4638-a13e-79293d84e695.jpg,0.60
images/15c1b195-9d1e-4dfa-9425-a2e1ba0c2a01.jpg,0.65
images/8c57a332-d987-4ff2-b454-cf9f78e5fa87.jpg,0.75
images/8244b1ca-28d1-41c9-bb7e-98dac0761f0d.jpg,0.85
images/7041a1ed-605d-4cf2-bd3d-60f5646dd0f2.jpg,0.85
images/717d1bd1-554d-4cb0-9693-851eff1500cc.jpg,0.70
images/a65cbc53-87c3-4d61-aff9-191a58f2d8cd.jpg,0.40
images/72446009-046d-4571-85de-9a9ef3c107d6.jpg,0.75
images/c332461a-f05f-46bb-99de-71fe079a498c.jpg,0.25
images/8379ac54-c7cc-4f17-8141-4008b2335c09.jpg,0.75
images/b7072a4d-b5f0-4332-8e87-a889326a76b3.jpg,0.15
images/1d25b36d-932a-4d22-b1bf-c6c326c4a658.jpg,0.90
images/4492813b-8fb2-4001-844d-2806023f83c9.jpg,0.75
images/7c00d9c8-3ae0-4426-a8c7-c4c39938f3b0.jpg,0.10
images/5ec4ce68-6f67-4f46-b043-406807bb8904.jpg,0.45
images/7e5c8554-4965-46ac-a55a-f80a7058e29d.jpg,0.40
images/9402eb11-7084-4ec5-be2d-33b72a28cc86.jpg,0.65
images/dd235654-5796-475a-a825-c03fd7c7bdd3.jpg,0.75
images/20859871-4dec-49d1-8ce5-9c0843c8c70b.jpg,0.40
images/35ebcd36-4eb5-4d6d-9cb1-333cafc72dda.jpg,0.45
images/e1460907-9f11-4bc2-b41a-c7eab2fea5f0.jpg,0.50
images/4050240c-e7a7-42cf-97fc-8f1205e95cfe.jpg,0.80
images/a5adb1c8-0845-448b-ab22-8080e3ded633.jpg,0.40
images/49f5684d-e8a0-4f4c-aadf-f247be46d701.jpg,0.60
images/7351ec51-34b5-4f6c-9d6b-b35b9fb79e4f.jpg,0.85
images/c0b2655d-791a-4eb2-9a44-30704e6412de.jpg,0.10
images/fbb52030-33e4-4ceb-b063-a9d70ef8a6e1.jpg,0.75
images/47dfc534-eefc-4c7d-9282-be882cc437ec.jpg,0.85
images/93b19e72-439a-4596-b83c-67684609de0c.jpg,0.85
images/8d1c8790-74c2-45f0-a3a7-b9e3646f072c.jpg,0.45
images/9a8a3f43-a74c-487f-8ed8-2fcbf79aa246.jpg,0.40
images/04c2d65c-e634-442c-8da0-6deaeb4651a8.jpg,0.45
images/6617f40e-d8d1-486e-8c48-506a8de26123.jpg,0.10
images/4b9cf6e1-f483-4af4-b763-3861ba539779.jpg,0.80
images/01c01e8b-0729-47b4-90ff-33c0660b327b.jpg,0.50
images/7a0f2dff-6536-4e59-9447-20be038d4305.jpg,1.00
images/0d10c694-fd6b-4d21-a391-358719c7706a.jpg,0.20
images/182cdba9-8961-48b9-bce7-59f165aeb133.jpg,1.00
images/1d4c5139-b44a-4d52-9e7d-c477231ae861.jpg,0.60
images/d380bc58-992e-4218-8e79-15fdec3743c7.jpg,0.10
images/127d1014-4807-453d-8044-f1c0f1331a12.jpg,0.95
images/2a600486-030d-4be3-91ac-f6d090b85591.jpg,0.40
images/fad1d72d-98d2-4741-8b77-e340a54cf515.jpg,0.35
images/592980bc-8b25-4d59-8fb8-67ceb0d6cc17.jpg,0.65
images/49e3dd79-e7c6-40da-a683-8f1a147a3758.jpg,0.90
images/6bf08ba5-541a-456a-aeee-b5ea2914607c.jpg,0.50
images/4c398374-cdd5-4330-9bb3-fcce5927d189.jpg,0.50
images/f2a53abd-7973-4e45-9049-a51d1f1ee475.jpg,0.15
images/4ecec49c-8700-473f-aab4-921b62cfbf61.jpg,0.80
images/8f1b2a76-c6ee-499d-a27b-6814bd2a7a16.jpg,0.95
images/55e953eb-ae3f-431f-813b-f6d08d4cb1ff.jpg,0.55
images/cf3e1791-3dc4-4af7-9dbf-d91a6e6e154e.jpg,0.50
images/a2e38724-b582-42d2-999e-cd0ec676d116.jpg,0.35
images/f9980eaf-88c9-466c-96d4-00d34ac24564.jpg,0.50
images/0876f3cd-e0ff-4fe2-9c81-a0c900abd6b3.jpg,0.70
images/3e90273c-1460-489e-8562-33fb771a22f4.jpg,0.55
images/f950ffae-9caa-4178-b183-e58d9f3e6b30.jpg,0.75
images/91f38081-5ad3-499d-aef5-7b886afcdf7a.jpg,0.55
images/0cd1e42f-be09-4a46-bda0-16fd805b726c.jpg,0.20
images/f36d3af6-b036-4ed6-8774-8978e98908c8.jpg,0.40
images/e3db49e9-2e04-4720-bf10-a046a7317b58.jpg,0.75
images/8cb95a04-0c50-455b-a221-ba768a02767b.jpg,0.15
images/ce68ab17-382c-4716-8669-0cdc12b0c906.jpg,0.50
images/69df4b33-99af-4c24-99c4-5737a4cc2df4.jpg,0.95
images/dc376744-1ead-47e2-866a-3812eafc0b05.jpg,0.80
images/8ac3369a-54dc-4710-822c-2ef1b8515212.jpg,0.70
images/62703b1b-2f60-4a94-a750-f51703f072ee.jpg,1.00
images/7ff93d37-5b7a-4555-819e-f7e00be7b8b2.jpg,0.85
images/1b2f5976-dc35-4dc0-9179-23a7b6e8dad0.jpg,0.75
images/4716eea2-c481-44be-ac26-92dce469b486.jpg,0.70
images/ffc6dea4-7ad2-49b2-9202-c8c78a004c61.jpg,0.85
images/e67299e1-1189-42ce-86c5-c9ecaec0736a.jpg,0.45
images/b19a9883-089b-4a59-9813-c3f531eac177.jpg,0.75
images/45a5b977-0f51-48ff-a74d-45368bb501a7.jpg,0.60
images/f8fcbb16-a59a-4a98-aab5-fe28cb171bd0.jpg,0.75
images/20142e62-09c5-46c3-9f8c-79ba86c1b2d8.jpg,0.40
images/db636f0a-3c2f-42a4-bedb-9caf868e8e15.jpg,0.90
images/66e12bf3-da88-4636-b522-a35e6771311d.jpg,0.45
images/b438a483-02ae-4d48-9826-5605f2592d85.jpg,0.30
images/0bb1c1e9-a3fd-4682-99ec-66cf2ffa0477.jpg,0.10
images/3a402089-c883-4f15-87a8-1a1e5c3cade0.jpg,0.55
images/cc981304-907b-4c12-94e6-9cddeffb626d.jpg,0.75
images/6ff9e9cc-f64a-4e8d-a9df-a50e41af2d81.jpg,0.65
images/3c0b06e6-a4a0-4896-b93c-755fc6defaf8.jpg,0.45
images/a34c5331-bc7e-4458-bad4-cb11556a8c67.jpg,0.80
images/597a401d-1e33-45dd-b058-a6b95ff46e1a.jpg,0.20
images/ff6dd681-33d0-43a4-9b8d-82958bae60d9.jpg,0.25
images/2f4bdb69-fbc8-4210-aba3-39fabb88f35c.jpg,0.55
images/52a794df-06ac-431f-b66e-fbbe94f2f215.jpg,0.55
images/f9187c2c-62c7-432b-8e08-abed99eb5088.jpg,0.75
images/086b3461-3859-40a8-b4f9-03b4b6639f95.jpg,0.15
images/474b3743-afa3-44f6-870b-01b13c4f27c7.jpg,0.85
images/c19d3f73-9c28-4479-b378-56592611e6c9.jpg,0.25
images/0641a260-ea8a-4ae0-af40-4142bc397e3f.jpg,0.45
images/10207038-fa12-4672-953e-834ff8f14b03.jpg,0.65
images/7cf6891b-a05b-4874-8f40-9af64ef9c2ea.jpg,0.50
images/d8c23a95-fd90-469b-9367-16731a7845f3.jpg,0.50
images/f50185cf-40b1-4d9a-8136-4243f15dbafa.jpg,0.45
images/6c1ade86-1268-451b-a36a-6bf541bd974f.jpg,1.00
images/b2d82635-de35-4308-9554-030825f15d61.jpg,0.60
images/644ebe19-6b71-4571-900f-42d1f26dbb69.jpg,0.30
images/263b84e4-cbf1-4fbf-bc2f-8bc89a2bde66.jpg,0.75
images/3e19126d-512f-4ac2-8ba5-4451be4692de.jpg,0.75
images/5dda0c4d-6c9b-4274-8a82-3c7789083c01.jpg,0.60
images/83d22665-a7c9-4bee-b408-1c1920fdbcb9.jpg,0.70
images/5e75ccc1-2327-4d69-a121-fc90b05dd4b0.jpg,0.50
images/a2c0de48-e1c9-4f7f-bde3-e4ec94843f26.jpg,0.75
images/08ce5cdd-ebcc-4e29-8ed6-5fcef85e940b.jpg,0.50
images/d4352f72-63f3-44f1-8c4c-bcd847667d56.jpg,0.50
images/b55413f6-d399-487f-b42c-45070fdea8a0.jpg,0.20
images/85bc791c-f7f7-4bb7-a530-aa23fc1868b7.jpg,0.50
images/91d6837d-b806-4e89-bf57-b696f6526673.jpg,0.70
images/bf27680f-a0c9-4e3b-a250-afcfe34e4b5b.jpg,0.35
images/e11a714f-3d60-4c68-bd7e-44f0a2e590a2.jpg,0.15
images/b4de12ef-56d1-4c3f-a7fd-de84a52c9001.jpg,0.40
images/dcf6636f-a1b3-41c7-bff4-5e4027ea0c39.jpg,0.15
images/9ed5cd0e-4238-4937-97ca-f77f61885203.jpg,0.40
images/860fb70c-f6f8-42f9-b5e2-e2c61eeafc5b.jpg,0.40
images/0eb4ec6d-c429-4740-b0ef-616242cc1eb6.jpg,0.70
images/1b5120ba-8ed7-47a6-93f9-73cba56e5caa.jpg,0.60
images/b04f3a07-0d28-436f-86e7-e2652edc0376.jpg,0.95
images/37d40c03-b8e9-4875-b3b7-d8e3cfa65044.jpg,0.20
images/3190b906-5cda-44a5-a5fc-047b4e33c30a.jpg,0.20
images/eb208ead-95da-42cb-b6e0-5798f46c06bc.jpg,0.20
images/1f972172-fa77-4f65-acd3-08489852472f.jpg,0.60
images/e6c9ed44-94b1-475d-b6cc-3c8efee082be.jpg,0.65
images/c13a1d7c-24d2-4985-a030-1f50badfca82.jpg,0.35
images/5f3486d1-0e84-42fd-9553-d297c5a57408.jpg,0.35
images/0604236a-477f-4494-b1cf-1f8966a982bf.jpg,0.95
images/bee8d160-a156-45ba-b481-65aeb7ccd7a3.jpg,0.90
images/f7f5b40d-39c2-4781-91ed-ad1f0e60c9d5.jpg,0.70
images/2ed37bdc-d8df-4f73-b2c4-0dbb08f926be.jpg,0.90
images/afb3f4f5-5109-4751-a966-f7bdc8165421.jpg,0.50
images/0486c9c1-d0ce-47d4-8893-8941ac122e4c.jpg,0.70
images/ef3f5936-bddb-4f11-a5c4-b2441fca9584.jpg,0.40
images/82fb559d-e6bf-4879-bb7e-a18858f26b0a.jpg,0.60
images/7855d49b-c1c1-4fb8-89be-53c672c8e897.jpg,0.20
images/5ffe7243-0b46-4d0f-b34c-7b1a188c5e7a.jpg,0.70
images/c386fa10-4e27-4c90-a48c-4ea5b0645015.jpg,0.95
images/cf8476d0-3b7f-49d2-9e5b-c9f00c992b5c.jpg,0.80
images/220f1466-39da-4c62-b554-d0c794ac066e.jpg,0.15
images/a0c9c485-0579-4d73-a6c0-5d528307c8b1.jpg,0.75
images/9cb7dab1-d8ce-49c9-b95b-d406c0006eb7.jpg,0.90
images/ffb7cd2e-45bf-483d-942c-61c257876366.jpg,0.30
images/32c302a0-d490-402c-8ed3-5aa25234c0e1.jpg,0.15
images/2d14ce6f-066e-463f-b92b-edd66401059b.jpg,0.25
images/578e51e9-ae57-4705-80e7-f211d15f58c3.jpg,0.35
images/8d1099da-3225-413a-ae16-cb84bc994ab6.jpg,1.00
images/cb9b3c97-677a-4236-9993-0944092116ba.jpg,0.65
images/756fe16d-8ca7-4139-8cbb-16e6dc4b4ea9.jpg,0.60
images/12f74b56-3538-409b-a09f-289e675d0a2f.jpg,0.40
images/1e18bfb2-a2bf-4d96-bafe-084275b8cc4d.jpg,0.60
images/d803f10f-64c5-440f-8756-f641908b8771.jpg,0.55
images/ab08e095-a1fe-4af6-8afb-7af2ffbaea68.jpg,0.35
images/1559da1a-cfe6-4cb7-9732-b71cf6a01dc3.jpg,0.65
images/7d196796-d4b3-4d04-aa37-2f00e62946fb.jpg,0.45
images/7ec72c9b-7534-43ff-b2cc-e49a70e80408.jpg,0.50
images/11535bfc-c228-4733-9513-0179b97763ac.jpg,0.45
images/6f83a6f7-d455-4daf-81f0-c49e7d9ed579.jpg,0.55
images/70bf7689-80be-453e-8905-7734e02fb905.jpg,0.70
images/67cbc143-43c5-4756-ab38-5e56e506dbe2.jpg,1.00
images/933f7de9-c3d0-4417-9f94-178e7cf81c3b.jpg,0.80
images/bec10a63-682d-41e5-a4aa-66c8087c1032.jpg,0.30
images/6c12972f-312a-43bd-81db-9e7a83298918.jpg,0.15
images/89e0c8fd-ddd1-4fdd-a0e7-9f997e51e66a.jpg,0.75
images/64163dfd-2795-472c-b686-57d6f47c629e.jpg,0.20
images/b8a8acce-ef11-49a6-bec4-b8e100c968ec.jpg,0.50
images/4d3de09e-ffed-43fa-b11a-aa06200b05ba.jpg,0.25
images/97a434e5-ee85-4712-8481-73d52ade4b75.jpg,0.65
images/a4a21b3a-02a9-4b57-99ec-095a301c24be.jpg,0.60
images/313d8fda-d70b-4b21-9a9d-1612abe33e4b.jpg,0.95
images/4200a401-3c52-4eea-bfd7-64f0a99babb7.jpg,0.85
images/5230f46e-91b3-4683-932d-5b11aef77c3a.jpg,0.90
images/a011649a-60e0-42a7-ad1e-b1bb6db381c3.jpg,0.30
images/0e852bcd-3127-4627-8fa9-0621514a3236.jpg,0.40
images/ffd67bb7-dd08-4a9a-a109-4072529d0d62.jpg,0.25
images/5d3aeccc-bc2a-47f8-b7fa-44489c3b1b15.jpg,0.35
images/bfd0e271-17a9-4d84-b44f-96095f10d64d.jpg,0.45
images/d7738a86-2bca-4281-846d-04af724d1cfd.jpg,0.50
images/d1d215d1-fb9d-4b95-b921-f64ff5d36464.jpg,0.95
images/c2877e9a-2bb1-4320-a405-b889ee28de1b.jpg,0.45
images/d7511354-1c53-4415-a824-8398259a40fe.jpg,0.40
images/e7cec147-68be-49a0-8570-60d250ed0c97.jpg,0.40
images/c19d296d-71b6-4d35-bdac-17a15748da9c.jpg,0.55
images/8a3ef9c6-4138-4ae4-b999-6af943755691.jpg,0.35
images/6dc39368-cf6a-4a67-b002-f0df05d6d1e0.jpg,0.60
images/1bc59d46-9696-432a-b41b-e6b480a3c12c.jpg,0.50
images/5c69b9e2-87d3-4eb8-901b-1524f4c6c345.jpg,0.45
images/17e1ea98-f185-47eb-8337-f0ab9fc0f4cd.jpg,0.60
images/f52d23f6-2736-4ea4-96ef-b56bebcdb137.jpg,1.00
images/494c88d7-467c-4f16-b8e0-9c49cc236a18.jpg,0.55
images/1ed27f6c-399c-44b7-af06-29399dfe674a.jpg,0.40
images/ab0d8ce4-7551-4671-af29-f2d3b95fe060.jpg,0.70
images/b6d27e9d-8529-402a-ad88-fe67a9788ef3.jpg,0.20
images/fdc28149-2ef5-4758-8010-877a88b278b2.jpg,0.55
images/5f15fa99-19d4-4de8-bafd-714da7262fc8.jpg,0.65
images/1609b0dd-7a9d-499a-830b-6ae8e538e5ac.jpg,0.70
images/70f9ed4d-c92c-408a-bcda-1026739e946a.jpg,0.50
images/890d0ea1-12ec-49a2-a018-5c1a970a8860.jpg,0.70
images/3d2edc22-72c7-40d9-b68c-39cc7b5efb3a.jpg,0.95
images/9676b771-3fa6-4224-8f2a-c8d3dd54aded.jpg,0.20
images/8441c65f-d214-4532-b242-b4115e0db725.jpg,0.15
images/ade00793-68dd-4daa-93db-48b3374b8912.jpg,0.75
images/61ee5fe4-027c-41f1-b4e8-beb9c4a93863.jpg,0.65
images/5bdf8770-df27-433a-89cc-83034b2540aa.jpg,0.45
images/acda9a9b-6186-443b-a8e3-733cef640107.jpg,0.50
images/70591816-8105-4980-a0a0-585c8b7daaf3.jpg,0.40
images/0d044cca-ad9e-44f0-9ce5-3d4cdbbe7f57.jpg,0.75
images/943ce61b-2120-448f-82d6-527bca018cc4.jpg,0.10
images/be2f131e-8c8d-4d65-b8d1-8ce8f99c8d42.jpg,0.35
images/3f32a701-315c-40ae-9248-016596e506f6.jpg,0.80
images/6556f490-04c5-4943-af58-5ce83bb48e9d.jpg,0.65
images/0a04521d-379c-4983-931a-9f830c13016b.jpg,0.85
images/7905e0fa-cfcc-445e-bb18-8283d3fb33e1.jpg,0.30
images/5f623ec4-862d-410f-bb83-9acca2298dde.jpg,0.90
images/a067015a-5e01-4090-8ba7-e86c096d7104.jpg,0.15
images/c9a796e2-c402-4967-a880-5bb2521e7fba.jpg,0.55
images/9d9bd410-56d8-43e0-bb02-83851037a53c.jpg,0.85
images/82be3137-1ba5-45b3-978b-6b3d7697d9d3.jpg,0.90
images/92211fd3-8a0d-4469-a103-63afc9781643.jpg,0.30
images/27f48f6f-34d4-43fd-8b9b-2b995db69903.jpg,0.45
images/bc6a32dd-a4cc-4eb4-8e9a-05aaa1866162.jpg,0.25
images/500c7633-a6b0-4e02-ba57-cd6ea882504d.jpg,0.95
images/49df6673-269a-4d7d-975c-3463a117506d.jpg,0.45
images/60470c5c-489e-4514-ad78-23ddb6547a89.jpg,0.85
images/dc1f7201-027a-4123-b5eb-65e3fce351e0.jpg,0.80
images/be4f3ef8-679b-4bae-987e-0b383b5b5cec.jpg,0.15
images/81a13aab-92e5-4b81-ad60-998ac00caea6.jpg,0.45
images/b6a20b2d-8a69-44d7-9682-1aabf4626a04.jpg,0.35
images/6b9e0722-8a1c-4e4f-84b9-c0c6de2de04f.jpg,0.65
images/b241e935-59dc-49ad-86e1-7471dec2cfa1.jpg,0.45
images/c522d555-ddd7-4450-ab9b-0ab3bada067b.jpg,0.65
images/4e68443c-544b-45b0-a847-c19869075dfa.jpg,0.60
images/4e664fab-6f02-441d-8b5e-5572ca8886a7.jpg,0.40
images/477b4f13-ee37-42f5-96e8-f575611bc724.jpg,0.85
images/61c56d85-2fa7-43ff-b4bc-79b60880e2d7.jpg,0.45
images/62334428-d152-4d74-a34b-b93fcf55b97b.jpg,0.65
images/d1f74f90-bf51-4d62-a8c6-37266371cb84.jpg,0.60
images/445d4837-1e82-4235-9c33-203228adc87f.jpg,0.70
images/8f3bea28-7e2a-4002-9501-a47fcf9c4100.jpg,0.50
images/0b06b072-509b-4b79-b899-d3afdd81a244.jpg,0.85
images/a276ec6c-be69-4f55-b71a-d62fc363cd27.jpg,0.90
images/53992eb3-487f-4801-a510-cd3f47093144.jpg,0.95
images/30718d72-64e8-44a6-8845-fd6ed358d248.jpg,1.00
images/1c1cb69b-9020-4c07-8044-62062c2995f5.jpg,0.40
images/7d698346-5ff0-4c7f-b4e2-ccdf44d4e1bf.jpg,0.80
images/ca956192-f078-42cf-992e-448a4fc90555.jpg,0.55
images/3bb2dbd0-6b47-429a-b754-3d93b9e27499.jpg,0.80
images/18697bb8-55db-4249-a83e-ab99dfcb5288.jpg,0.55
images/1f37bd88-2625-425f-9378-e24eb35977b8.jpg,0.70
images/d41347fb-62e0-41ee-accc-d74ca8390531.jpg,0.30
images/508b12d1-3348-484b-9b16-1a18302f1f0d.jpg,0.60
images/c468392b-c2b6-46c5-895e-d901c45c49a0.jpg,0.40
images/49f6e903-6ee0-46d1-bd13-d6690f6c9334.jpg,0.35
images/d83875f0-1b29-49d0-bb1d-6ee9f109cbda.jpg,0.30
images/bd6e653b-4eac-44e4-8f43-dbb3cafd7537.jpg,0.95
images/05ef42f5-d033-49da-832f-7f7902d0c16b.jpg,0.45
images/91deaab3-7b00-4f45-8467-8e73c4b5939e.jpg,0.65
images/1b4521dc-e5a3-4196-95de-6f7c1da0f690.jpg,0.75
images/d7976eca-f478-4b21-8ee6-09691d6873b8.jpg,0.75
images/54f73a69-36c7-4299-9f1d-f0281247a89b.jpg,0.70
images/f0892622-40bc-454e-b2fd-15ffa787eb0c.jpg,0.10
images/bbec9c99-90a3-4b2a-af45-1c5a523d90b9.jpg,0.30
images/489ffe86-e7b1-4275-bab8-dcc426faf858.jpg,0.60
images/1e0c5dbc-5362-421c-bc3d-c0120344f6a7.jpg,0.75
images/953f2ea4-b972-401e-96cb-5385a865df6b.jpg,0.50
images/67261284-d6c2-4d7f-87f1-ba4026ca1b25.jpg,0.70
images/9dd682c4-965c-47d6-9430-1a45973679ab.jpg,0.50
images/f53743a6-07b5-45ff-b648-6d0922b070fc.jpg,0.60
images/e1091133-2b09-425f-b2d4-c9523692cc32.jpg,0.70
images/b1396dad-f26f-450b-8f70-1732559c9d1e.jpg,0.45
images/3440d94f-8ff6-47b0-a808-e2cd84aee91f.jpg,0.95
images/c65870dd-76da-4f36-8caa-d5cf3f38ede0.jpg,0.35
images/12d0f690-a46b-4fe1-93d4-42f3acc07b9d.jpg,0.10
images/34ed6b92-3eba-498a-a4b5-cdef2f20acd8.jpg,0.85
images/9f58a500-f939-42f0-8975-ab57587cb07e.jpg,0.15
images/8e3d6ba4-c536-4d4d-9417-e75de3abc910.jpg,0.75
images/5436759e-3106-4b56-af8b-c985e35570d3.jpg,0.40
images/3f6c9069-8a7a-4e58-a1aa-b9533ecc9547.jpg,0.50
images/55cf0ead-fb63-4102-a4c2-1ccb65885f73.jpg,0.10
images/26525b45-9ee5-4ad4-940e-d96a28d3eccf.jpg,0.20
images/2a6c327c-f2ba-4e6d-b1b9-f27d4c3eb2ee.jpg,0.10
images/17f9b2b0-b439-4bc6-a99d-c0cc07464c4f.jpg,0.45
images/ed77bb39-3c7e-4bad-9b13-f82d2a76ceeb.jpg,0.35
images/2a948ff8-2743-4597-ae14-5234dad9d91d.jpg,0.40
images/02ac0928-4f31-43cf-8c9e-9631e1d623a6.jpg,0.60
images/ddb1438c-5112-4969-afab-9e6839fd6aa2.jpg,0.80